{
  "Anna Karenina": {
    "overall": {
      "accuracy": 0.8722843976300197,
      "precision": 0.8758256274768824,
      "recall": 0.8689384010484927,
      "f1": 0.8723684210526316
    },
    "single_label": {
      "accuracy": 0.8848728246318608,
      "precision": 0.28431372549019607,
      "recall": 0.6904761904761905,
      "f1": 0.4027777777777778,
      "count": 747
    },
    "multi_label": {
      "accuracy": 0.8601036269430051,
      "precision": 0.9679389312977099,
      "recall": 0.8793342579750347,
      "f1": 0.9215116279069767,
      "count": 772
    }
  },
  "Wuthering Heights": {
    "overall": {
      "accuracy": 0.8525345622119815,
      "precision": 0.8208588957055215,
      "recall": 0.8955823293172691,
      "f1": 0.8565941101152369
    },
    "single_label": {
      "accuracy": 0.8433734939759037,
      "precision": 0.4642857142857143,
      "recall": 0.7428571428571429,
      "f1": 0.5714285714285714,
      "count": 747
    },
    "multi_label": {
      "accuracy": 0.8613989637305699,
      "precision": 0.9134466769706336,
      "recall": 0.9205607476635514,
      "f1": 0.9169899146625291,
      "count": 772
    }
  },
  "Frankenstein": {
    "overall": {
      "accuracy": 0.8617511520737328,
      "precision": 0.869701726844584,
      "recall": 0.8135095447870778,
      "f1": 0.8406676783004552
    },
    "single_label": {
      "accuracy": 0.8995983935742972,
      "precision": 0.9218009478672986,
      "recall": 0.9025522041763341,
      "f1": 0.9120750293083235,
      "count": 747
    },
    "multi_label": {
      "accuracy": 0.8251295336787565,
      "precision": 0.7674418604651163,
      "recall": 0.66,
      "f1": 0.7096774193548387,
      "count": 772
    }
  },
  "The Adventures of Alice in Wonderland": {
    "overall": {
      "accuracy": 0.8854509545753786,
      "precision": 0.7906403940886699,
      "recall": 0.7829268292682927,
      "f1": 0.7867647058823529
    },
    "single_label": {
      "accuracy": 0.9370816599732262,
      "precision": 0.9066666666666666,
      "recall": 0.8047337278106509,
      "f1": 0.8526645768025078,
      "count": 747
    },
    "multi_label": {
      "accuracy": 0.8354922279792746,
      "precision": 0.72265625,
      "recall": 0.7676348547717843,
      "f1": 0.744466800804829,
      "count": 772
    }
  }
}