{
  "Anna Karenina": {
    "overall": {
      "accuracy": 0.8841342988808426,
      "precision": 0.8826597131681877,
      "recall": 0.8872870249017037,
      "f1": 0.8849673202614379
    },
    "single_label": {
      "accuracy": 0.8888888888888888,
      "precision": 0.28865979381443296,
      "recall": 0.6666666666666666,
      "f1": 0.4028776978417266,
      "count": 747
    },
    "multi_label": {
      "accuracy": 0.8795336787564767,
      "precision": 0.9686567164179104,
      "recall": 0.9001386962552012,
      "f1": 0.9331416247304097,
      "count": 772
    }
  },
  "Frankenstein": {
    "overall": {
      "accuracy": 0.8571428571428571,
      "precision": 0.8431952662721893,
      "recall": 0.8370044052863436,
      "f1": 0.8400884303610906
    },
    "single_label": {
      "accuracy": 0.8969210174029452,
      "precision": 0.9135514018691588,
      "recall": 0.9071925754060325,
      "f1": 0.910360884749709,
      "count": 747
    },
    "multi_label": {
      "accuracy": 0.8186528497409327,
      "precision": 0.7217741935483871,
      "recall": 0.716,
      "f1": 0.7188755020080321,
      "count": 772
    }
  },
  "The Adventures of Alice in Wonderland": {
    "overall": {
      "accuracy": 0.8946675444371297,
      "precision": 0.8125,
      "recall": 0.7926829268292683,
      "f1": 0.8024691358024691
    },
    "single_label": {
      "accuracy": 0.9370816599732262,
      "precision": 0.9066666666666666,
      "recall": 0.8047337278106509,
      "f1": 0.8526645768025078,
      "count": 747
    },
    "multi_label": {
      "accuracy": 0.8536269430051814,
      "precision": 0.756,
      "recall": 0.7842323651452282,
      "f1": 0.769857433808554,
      "count": 772
    }
  },
  "Wuthering Heights": {
    "overall": {
      "accuracy": 0.8485845951283739,
      "precision": 0.8251572327044026,
      "recall": 0.8781793842034806,
      "f1": 0.8508430609597925
    },
    "single_label": {
      "accuracy": 0.8527443105756358,
      "precision": 0.484472049689441,
      "recall": 0.7428571428571429,
      "f1": 0.5864661654135338,
      "count": 747
    },
    "multi_label": {
      "accuracy": 0.844559585492228,
      "precision": 0.9116719242902208,
      "recall": 0.9003115264797508,
      "f1": 0.9059561128526645,
      "count": 772
    }
  }
}