{
  "Anna Karenina": {
    "overall": {
      "accuracy": 0.880184331797235,
      "precision": 0.8952380952380953,
      "recall": 0.8623853211009175,
      "f1": 0.8785046728971962
    },
    "single_label": {
      "accuracy": 0.9022757697456493,
      "precision": 0.3258426966292135,
      "recall": 0.6904761904761905,
      "f1": 0.44274809160305345,
      "count": 747
    },
    "multi_label": {
      "accuracy": 0.8588082901554405,
      "precision": 0.9736842105263158,
      "recall": 0.8723994452149791,
      "f1": 0.9202633504023409,
      "count": 772
    }
  },
  "Wuthering Heights": {
    "overall": {
      "accuracy": 0.8512179065174457,
      "precision": 0.8515519568151148,
      "recall": 0.8447121820615796,
      "f1": 0.8481182795698925
    },
    "single_label": {
      "accuracy": 0.8728246318607764,
      "precision": 0.5390625,
      "recall": 0.6571428571428571,
      "f1": 0.592274678111588,
      "count": 747
    },
    "multi_label": {
      "accuracy": 0.8303108808290155,
      "precision": 0.9168026101141925,
      "recall": 0.8753894080996885,
      "f1": 0.895617529880478,
      "count": 772
    }
  },
  "Frankenstein": {
    "overall": {
      "accuracy": 0.8624094799210007,
      "precision": 0.8450292397660819,
      "recall": 0.8487518355359766,
      "f1": 0.8468864468864469
    },
    "single_label": {
      "accuracy": 0.9129852744310576,
      "precision": 0.9159090909090909,
      "recall": 0.9350348027842227,
      "f1": 0.9253731343283582,
      "count": 747
    },
    "multi_label": {
      "accuracy": 0.8134715025906736,
      "precision": 0.7172131147540983,
      "recall": 0.7,
      "f1": 0.708502024291498,
      "count": 772
    }
  },
  "The Adventures of Alice in Wonderland": {
    "overall": {
      "accuracy": 0.8953258722843976,
      "precision": 0.8209718670076727,
      "recall": 0.7829268292682927,
      "f1": 0.8014981273408239
    },
    "single_label": {
      "accuracy": 0.9451137884872824,
      "precision": 0.9155844155844156,
      "recall": 0.834319526627219,
      "f1": 0.8730650154798761,
      "count": 747
    },
    "multi_label": {
      "accuracy": 0.8471502590673575,
      "precision": 0.759493670886076,
      "recall": 0.7468879668049793,
      "f1": 0.7531380753138075,
      "count": 772
    }
  }
}