{
  "Anna Karenina": {
    "overall": {
      "accuracy": 0.8716260697827518,
      "precision": 0.8756613756613757,
      "recall": 0.8676277850589778,
      "f1": 0.8716260697827518
    },
    "single_label": {
      "accuracy": 0.8835341365461847,
      "precision": 0.27722772277227725,
      "recall": 0.6666666666666666,
      "f1": 0.3916083916083916,
      "count": 747
    },
    "multi_label": {
      "accuracy": 0.8601036269430051,
      "precision": 0.9679389312977099,
      "recall": 0.8793342579750347,
      "f1": 0.9215116279069767,
      "count": 772
    }
  },
  "Wuthering Heights": {
    "overall": {
      "accuracy": 0.8505595786701777,
      "precision": 0.8266331658291457,
      "recall": 0.8808567603748326,
      "f1": 0.8528839922229423
    },
    "single_label": {
      "accuracy": 0.8527443105756358,
      "precision": 0.48322147651006714,
      "recall": 0.6857142857142857,
      "f1": 0.5669291338582677,
      "count": 747
    },
    "multi_label": {
      "accuracy": 0.8484455958549223,
      "precision": 0.9057187017001546,
      "recall": 0.9127725856697819,
      "f1": 0.9092319627618308,
      "count": 772
    }
  },
  "Frankenstein": {
    "overall": {
      "accuracy": 0.8525345622119815,
      "precision": 0.8564742589703588,
      "recall": 0.8061674008810573,
      "f1": 0.8305597579425114
    },
    "single_label": {
      "accuracy": 0.8862115127175368,
      "precision": 0.9178743961352657,
      "recall": 0.8816705336426914,
      "f1": 0.8994082840236687,
      "count": 747
    },
    "multi_label": {
      "accuracy": 0.8199481865284974,
      "precision": 0.7444933920704846,
      "recall": 0.676,
      "f1": 0.7085953878406709,
      "count": 772
    }
  },
  "The Adventures of Alice in Wonderland": {
    "overall": {
      "accuracy": 0.8887425938117183,
      "precision": 0.7848699763593381,
      "recall": 0.8097560975609757,
      "f1": 0.7971188475390156
    },
    "single_label": {
      "accuracy": 0.9330655957161981,
      "precision": 0.8695652173913043,
      "recall": 0.8284023668639053,
      "f1": 0.8484848484848485,
      "count": 747
    },
    "multi_label": {
      "accuracy": 0.8458549222797928,
      "precision": 0.732824427480916,
      "recall": 0.7966804979253111,
      "f1": 0.7634194831013916,
      "count": 772
    }
  }
}