{
  "Anna Karenina": {
    "overall": {
      "accuracy": 0.8624094799210007,
      "precision": 0.9134328358208955,
      "recall": 0.8020969855832241,
      "f1": 0.854152128401954
    },
    "single_label": {
      "accuracy": 0.9116465863453815,
      "precision": 0.3181818181818182,
      "recall": 0.5,
      "f1": 0.3888888888888889,
      "count": 747
    },
    "multi_label": {
      "accuracy": 0.8147668393782384,
      "precision": 0.9784768211920529,
      "recall": 0.8196948682385575,
      "f1": 0.8920754716981132,
      "count": 772
    }
  },
  "Frankenstein": {
    "overall": {
      "accuracy": 0.8729427254772877,
      "precision": 0.8961038961038961,
      "recall": 0.8105726872246696,
      "f1": 0.851195065535852
    },
    "single_label": {
      "accuracy": 0.9089692101740294,
      "precision": 0.935251798561151,
      "recall": 0.9048723897911833,
      "f1": 0.9198113207547169,
      "count": 747
    },
    "multi_label": {
      "accuracy": 0.8380829015544041,
      "precision": 0.8140703517587939,
      "recall": 0.648,
      "f1": 0.7216035634743875,
      "count": 772
    }
  },
  "The Adventures of Alice in Wonderland": {
    "overall": {
      "accuracy": 0.89137590520079,
      "precision": 0.8571428571428571,
      "recall": 0.7170731707317073,
      "f1": 0.7808764940239044
    },
    "single_label": {
      "accuracy": 0.9424364123159303,
      "precision": 0.9315068493150684,
      "recall": 0.8047337278106509,
      "f1": 0.8634920634920635,
      "count": 747
    },
    "multi_label": {
      "accuracy": 0.8419689119170984,
      "precision": 0.8020304568527918,
      "recall": 0.6556016597510373,
      "f1": 0.7214611872146118,
      "count": 772
    }
  },
  "Wuthering Heights": {
    "overall": {
      "accuracy": 0.847267939433838,
      "precision": 0.8106151990349819,
      "recall": 0.8995983935742972,
      "f1": 0.8527918781725888
    },
    "single_label": {
      "accuracy": 0.8406961178045516,
      "precision": 0.4583333333333333,
      "recall": 0.7333333333333333,
      "f1": 0.5641025641025641,
      "count": 747
    },
    "multi_label": {
      "accuracy": 0.8536269430051814,
      "precision": 0.9001512859304085,
      "recall": 0.926791277258567,
      "f1": 0.9132770529547198,
      "count": 772
    }
  }
}