{
  "Anna Karenina": {
    "overall": {
      "accuracy": 0.7630019749835418,
      "precision": 0.9352051835853131,
      "recall": 0.5674967234600262,
      "f1": 0.7063621533442088
    },
    "single_label": {
      "accuracy": 0.9437751004016064,
      "precision": 0.5,
      "recall": 0.6428571428571429,
      "f1": 0.5625,
      "count": 747
    },
    "multi_label": {
      "accuracy": 0.5880829015544041,
      "precision": 0.9926650366748166,
      "recall": 0.5631067961165048,
      "f1": 0.7185840707964601,
      "count": 772
    }
  },
  "Frankenstein": {
    "overall": {
      "accuracy": 0.8169848584595129,
      "precision": 0.9224318658280922,
      "recall": 0.6461086637298091,
      "f1": 0.7599309153713298
    },
    "single_label": {
      "accuracy": 0.9022757697456493,
      "precision": 0.9408866995073891,
      "recall": 0.8863109048723898,
      "f1": 0.9127837514934289,
      "count": 747
    },
    "multi_label": {
      "accuracy": 0.7344559585492227,
      "precision": 0.8169014084507042,
      "recall": 0.232,
      "f1": 0.3613707165109034,
      "count": 772
    }
  },
  "The Adventures of Alice in Wonderland": {
    "overall": {
      "accuracy": 0.8229098090849243,
      "precision": 0.9028571428571428,
      "recall": 0.3853658536585366,
      "f1": 0.5401709401709401
    },
    "single_label": {
      "accuracy": 0.9370816599732262,
      "precision": 0.9357142857142857,
      "recall": 0.7751479289940828,
      "f1": 0.8478964401294499,
      "count": 747
    },
    "multi_label": {
      "accuracy": 0.7124352331606217,
      "precision": 0.7714285714285715,
      "recall": 0.11203319502074689,
      "f1": 0.1956521739130435,
      "count": 772
    }
  },
  "Wuthering Heights": {
    "overall": {
      "accuracy": 0.6056616194865043,
      "precision": 0.8457943925233645,
      "recall": 0.24230254350736277,
      "f1": 0.37669094693028093
    },
    "single_label": {
      "accuracy": 0.9022757697456493,
      "precision": 0.6739130434782609,
      "recall": 0.5904761904761905,
      "f1": 0.6294416243654822,
      "count": 747
    },
    "multi_label": {
      "accuracy": 0.31865284974093266,
      "precision": 0.9754098360655737,
      "recall": 0.1853582554517134,
      "f1": 0.31151832460732987,
      "count": 772
    }
  }
}