{
  "Anna Karenina": {
    "overall": {
      "accuracy": 0.793285055957867,
      "precision": 0.9119266055045872,
      "recall": 0.6513761467889908,
      "f1": 0.7599388379204893
    },
    "single_label": {
      "accuracy": 0.927710843373494,
      "precision": 0.4142857142857143,
      "recall": 0.6904761904761905,
      "f1": 0.5178571428571429,
      "count": 747
    },
    "multi_label": {
      "accuracy": 0.6632124352331606,
      "precision": 0.9852631578947368,
      "recall": 0.6490984743411928,
      "f1": 0.782608695652174,
      "count": 772
    }
  },
  "Frankenstein": {
    "overall": {
      "accuracy": 0.8051349572086899,
      "precision": 0.9345372460496614,
      "recall": 0.6079295154185022,
      "f1": 0.7366548042704626
    },
    "single_label": {
      "accuracy": 0.8848728246318608,
      "precision": 0.952755905511811,
      "recall": 0.8422273781902552,
      "f1": 0.8940886699507389,
      "count": 747
    },
    "multi_label": {
      "accuracy": 0.727979274611399,
      "precision": 0.8225806451612904,
      "recall": 0.204,
      "f1": 0.3269230769230769,
      "count": 772
    }
  },
  "The Adventures of Alice in Wonderland": {
    "overall": {
      "accuracy": 0.825543120473996,
      "precision": 0.9190751445086706,
      "recall": 0.3878048780487805,
      "f1": 0.5454545454545454
    },
    "single_label": {
      "accuracy": 0.9397590361445783,
      "precision": 0.9305555555555556,
      "recall": 0.7928994082840237,
      "f1": 0.8562300319488818,
      "count": 747
    },
    "multi_label": {
      "accuracy": 0.7150259067357513,
      "precision": 0.8620689655172413,
      "recall": 0.1037344398340249,
      "f1": 0.18518518518518517,
      "count": 772
    }
  },
  "Wuthering Heights": {
    "overall": {
      "accuracy": 0.5892034233048058,
      "precision": 0.8029556650246306,
      "recall": 0.2182061579651941,
      "f1": 0.3431578947368421
    },
    "single_label": {
      "accuracy": 0.8982597054886211,
      "precision": 0.6407766990291263,
      "recall": 0.6285714285714286,
      "f1": 0.6346153846153846,
      "count": 747
    },
    "multi_label": {
      "accuracy": 0.29015544041450775,
      "precision": 0.97,
      "recall": 0.15109034267912771,
      "f1": 0.261455525606469,
      "count": 772
    }
  }
}