{
  "Anna Karenina": {
    "overall": {
      "accuracy": 0.8808426596445029,
      "precision": 0.8986301369863013,
      "recall": 0.8597640891218873,
      "f1": 0.8787675820495646
    },
    "single_label": {
      "accuracy": 0.9009370816599732,
      "precision": 0.3,
      "recall": 0.5714285714285714,
      "f1": 0.39344262295081966,
      "count": 747
    },
    "multi_label": {
      "accuracy": 0.8613989637305699,
      "precision": 0.9723076923076923,
      "recall": 0.8765603328710125,
      "f1": 0.9219547775346463,
      "count": 772
    }
  },
  "Frankenstein": {
    "overall": {
      "accuracy": 0.847926267281106,
      "precision": 0.8368263473053892,
      "recall": 0.8208516886930984,
      "f1": 0.8287620459599704
    },
    "single_label": {
      "accuracy": 0.8955823293172691,
      "precision": 0.8984198645598194,
      "recall": 0.9234338747099768,
      "f1": 0.9107551487414187,
      "count": 747
    },
    "multi_label": {
      "accuracy": 0.8018134715025906,
      "precision": 0.7155555555555555,
      "recall": 0.644,
      "f1": 0.6778947368421052,
      "count": 772
    }
  },
  "The Adventures of Alice in Wonderland": {
    "overall": {
      "accuracy": 0.8768926925608953,
      "precision": 0.8348348348348348,
      "recall": 0.6780487804878049,
      "f1": 0.7483176312247645
    },
    "single_label": {
      "accuracy": 0.9424364123159303,
      "precision": 0.9256756756756757,
      "recall": 0.8106508875739645,
      "f1": 0.8643533123028391,
      "count": 747
    },
    "multi_label": {
      "accuracy": 0.8134715025906736,
      "precision": 0.7621621621621621,
      "recall": 0.5850622406639004,
      "f1": 0.6619718309859155,
      "count": 772
    }
  },
  "Wuthering Heights": {
    "overall": {
      "accuracy": 0.8452929558920342,
      "precision": 0.8324675324675325,
      "recall": 0.85809906291834,
      "f1": 0.8450889914304548
    },
    "single_label": {
      "accuracy": 0.8661311914323963,
      "precision": 0.5174825174825175,
      "recall": 0.7047619047619048,
      "f1": 0.5967741935483871,
      "count": 747
    },
    "multi_label": {
      "accuracy": 0.8251295336787565,
      "precision": 0.9043062200956937,
      "recall": 0.883177570093458,
      "f1": 0.8936170212765957,
      "count": 772
    }
  }
}