{
  "Anna Karenina": {
    "overall": {
      "accuracy": 0.8736010533245556,
      "precision": 0.8873812754409769,
      "recall": 0.8571428571428571,
      "f1": 0.872
    },
    "single_label": {
      "accuracy": 0.8969210174029452,
      "precision": 0.30337078651685395,
      "recall": 0.6428571428571429,
      "f1": 0.4122137404580153,
      "count": 747
    },
    "multi_label": {
      "accuracy": 0.8510362694300518,
      "precision": 0.9675925925925926,
      "recall": 0.869625520110957,
      "f1": 0.9159970781592404,
      "count": 772
    }
  },
  "Frankenstein": {
    "overall": {
      "accuracy": 0.869651086240948,
      "precision": 0.8535871156661786,
      "recall": 0.856093979441997,
      "f1": 0.8548387096774194
    },
    "single_label": {
      "accuracy": 0.9089692101740294,
      "precision": 0.9134396355353075,
      "recall": 0.9303944315545244,
      "f1": 0.9218390804597701,
      "count": 747
    },
    "multi_label": {
      "accuracy": 0.8316062176165803,
      "precision": 0.7459016393442623,
      "recall": 0.728,
      "f1": 0.7368421052631579,
      "count": 772
    }
  },
  "The Adventures of Alice in Wonderland": {
    "overall": {
      "accuracy": 0.9025674786043449,
      "precision": 0.8308080808080808,
      "recall": 0.802439024390244,
      "f1": 0.8163771712158809
    },
    "single_label": {
      "accuracy": 0.9491298527443106,
      "precision": 0.9171974522292994,
      "recall": 0.8520710059171598,
      "f1": 0.8834355828220859,
      "count": 747
    },
    "multi_label": {
      "accuracy": 0.8575129533678757,
      "precision": 0.7740585774058577,
      "recall": 0.7676348547717843,
      "f1": 0.7708333333333334,
      "count": 772
    }
  },
  "Wuthering Heights": {
    "overall": {
      "accuracy": 0.8531928900592495,
      "precision": 0.8376288659793815,
      "recall": 0.8701472556894244,
      "f1": 0.8535784635587655
    },
    "single_label": {
      "accuracy": 0.8688085676037484,
      "precision": 0.5231788079470199,
      "recall": 0.7523809523809524,
      "f1": 0.6171875,
      "count": 747
    },
    "multi_label": {
      "accuracy": 0.8380829015544041,
      "precision": 0.9136,
      "recall": 0.8894080996884736,
      "f1": 0.9013417521704814,
      "count": 772
    }
  }
}