{
  "Anna Karenina": {
    "overall": {
      "accuracy": 0.8821593153390388,
      "precision": 0.8852242744063324,
      "recall": 0.8794233289646134,
      "f1": 0.8823142669296515
    },
    "single_label": {
      "accuracy": 0.8982597054886211,
      "precision": 0.31521739130434784,
      "recall": 0.6904761904761905,
      "f1": 0.43283582089552236,
      "count": 747
    },
    "multi_label": {
      "accuracy": 0.866580310880829,
      "precision": 0.963963963963964,
      "recall": 0.8904299583911235,
      "f1": 0.9257390050468637,
      "count": 772
    }
  },
  "Wuthering Heights": {
    "overall": {
      "accuracy": 0.859776168531929,
      "precision": 0.8304455445544554,
      "recall": 0.8982597054886211,
      "f1": 0.8630225080385852
    },
    "single_label": {
      "accuracy": 0.8514056224899599,
      "precision": 0.48125,
      "recall": 0.7333333333333333,
      "f1": 0.5811320754716981,
      "count": 747
    },
    "multi_label": {
      "accuracy": 0.8678756476683938,
      "precision": 0.9166666666666666,
      "recall": 0.9252336448598131,
      "f1": 0.9209302325581395,
      "count": 772
    }
  },
  "Frankenstein": {
    "overall": {
      "accuracy": 0.8492429229756419,
      "precision": 0.8509316770186336,
      "recall": 0.8046989720998532,
      "f1": 0.8271698113207547
    },
    "single_label": {
      "accuracy": 0.9103078982597055,
      "precision": 0.9193548387096774,
      "recall": 0.925754060324826,
      "f1": 0.922543352601156,
      "count": 747
    },
    "multi_label": {
      "accuracy": 0.7901554404145078,
      "precision": 0.7095238095238096,
      "recall": 0.596,
      "f1": 0.6478260869565218,
      "count": 772
    }
  },
  "The Adventures of Alice in Wonderland": {
    "overall": {
      "accuracy": 0.8828176431863067,
      "precision": 0.7885572139303483,
      "recall": 0.7731707317073171,
      "f1": 0.7807881773399015
    },
    "single_label": {
      "accuracy": 0.9397590361445783,
      "precision": 0.8974358974358975,
      "recall": 0.8284023668639053,
      "f1": 0.8615384615384616,
      "count": 747
    },
    "multi_label": {
      "accuracy": 0.8277202072538861,
      "precision": 0.7195121951219512,
      "recall": 0.7344398340248963,
      "f1": 0.7268993839835729,
      "count": 772
    }
  }
}