{
  "Anna Karenina": {
    "overall": {
      "accuracy": 0.8815009874917709,
      "precision": 0.897680763983629,
      "recall": 0.8623853211009175,
      "f1": 0.8796791443850267
    },
    "single_label": {
      "accuracy": 0.9089692101740294,
      "precision": 0.3488372093023256,
      "recall": 0.7142857142857143,
      "f1": 0.46875,
      "count": 747
    },
    "multi_label": {
      "accuracy": 0.8549222797927462,
      "precision": 0.9706336939721792,
      "recall": 0.871012482662968,
      "f1": 0.9181286549707602,
      "count": 772
    }
  },
  "Wuthering Heights": {
    "overall": {
      "accuracy": 0.8525345622119815,
      "precision": 0.8427260812581914,
      "recall": 0.8607764390896921,
      "f1": 0.8516556291390729
    },
    "single_label": {
      "accuracy": 0.8688085676037484,
      "precision": 0.5241379310344828,
      "recall": 0.7238095238095238,
      "f1": 0.608,
      "count": 747
    },
    "multi_label": {
      "accuracy": 0.8367875647668394,
      "precision": 0.9174757281553398,
      "recall": 0.883177570093458,
      "f1": 0.9,
      "count": 772
    }
  },
  "Frankenstein": {
    "overall": {
      "accuracy": 0.8617511520737328,
      "precision": 0.8552036199095022,
      "recall": 0.8325991189427313,
      "f1": 0.84375
    },
    "single_label": {
      "accuracy": 0.8982597054886211,
      "precision": 0.9080459770114943,
      "recall": 0.9164733178654292,
      "f1": 0.9122401847575058,
      "count": 747
    },
    "multi_label": {
      "accuracy": 0.8264248704663213,
      "precision": 0.7543859649122807,
      "recall": 0.688,
      "f1": 0.7196652719665272,
      "count": 772
    }
  },
  "The Adventures of Alice in Wonderland": {
    "overall": {
      "accuracy": 0.89137590520079,
      "precision": 0.8054862842892768,
      "recall": 0.7878048780487805,
      "f1": 0.7965474722564735
    },
    "single_label": {
      "accuracy": 0.9397590361445783,
      "precision": 0.8690476190476191,
      "recall": 0.863905325443787,
      "f1": 0.8664688427299704,
      "count": 747
    },
    "multi_label": {
      "accuracy": 0.844559585492228,
      "precision": 0.759656652360515,
      "recall": 0.7344398340248963,
      "f1": 0.7468354430379747,
      "count": 772
    }
  }
}