{
  "Anna Karenina": {
    "overall": {
      "accuracy": 0.7853851217906518,
      "precision": 0.9210019267822736,
      "recall": 0.6264744429882044,
      "f1": 0.7457098283931357
    },
    "single_label": {
      "accuracy": 0.9330655957161981,
      "precision": 0.43333333333333335,
      "recall": 0.6190476190476191,
      "f1": 0.5098039215686274,
      "count": 747
    },
    "multi_label": {
      "accuracy": 0.6424870466321243,
      "precision": 0.9847494553376906,
      "recall": 0.6269070735090153,
      "f1": 0.7661016949152543,
      "count": 772
    }
  },
  "Frankenstein": {
    "overall": {
      "accuracy": 0.825543120473996,
      "precision": 0.9176706827309237,
      "recall": 0.671071953010279,
      "f1": 0.7752332485156913
    },
    "single_label": {
      "accuracy": 0.9129852744310576,
      "precision": 0.9420289855072463,
      "recall": 0.9048723897911833,
      "f1": 0.9230769230769231,
      "count": 747
    },
    "multi_label": {
      "accuracy": 0.7409326424870466,
      "precision": 0.7976190476190477,
      "recall": 0.268,
      "f1": 0.40119760479041916,
      "count": 772
    }
  },
  "The Adventures of Alice in Wonderland": {
    "overall": {
      "accuracy": 0.8235681369321922,
      "precision": 0.8446601941747572,
      "recall": 0.424390243902439,
      "f1": 0.564935064935065
    },
    "single_label": {
      "accuracy": 0.9384203480589023,
      "precision": 0.8819875776397516,
      "recall": 0.8402366863905325,
      "f1": 0.8606060606060606,
      "count": 747
    },
    "multi_label": {
      "accuracy": 0.7124352331606217,
      "precision": 0.7111111111111111,
      "recall": 0.13278008298755187,
      "f1": 0.22377622377622378,
      "count": 772
    }
  },
  "Wuthering Heights": {
    "overall": {
      "accuracy": 0.5885450954575379,
      "precision": 0.8546511627906976,
      "recall": 0.19678714859437751,
      "f1": 0.31991294885745375
    },
    "single_label": {
      "accuracy": 0.9036144578313253,
      "precision": 0.72,
      "recall": 0.5142857142857142,
      "f1": 0.6,
      "count": 747
    },
    "multi_label": {
      "accuracy": 0.28367875647668395,
      "precision": 0.9587628865979382,
      "recall": 0.14485981308411214,
      "f1": 0.2516914749661705,
      "count": 772
    }
  }
}