{
  "n_layers": 10,
  "hidden_dim_0": 226,
  "hidden_dim_1": 219,
  "hidden_dim_2": 368,
  "hidden_dim_3": 72,
  "hidden_dim_4": 81,
  "hidden_dim_5": 123,
  "hidden_dim_6": 297,
  "hidden_dim_7": 202,
  "hidden_dim_8": 196,
  "hidden_dim_9": 175,
  "learning_rate": 0.00026928940730248414,
  "batch_size": 32,
  "dropout_rate": 0.20379252853610424,
  "weight_decay": 0.0008995991830688982,
  "epochs": 150,
  "patience": 30
}