{
  "logistic_regression": {
    "accuracy": 0.8005352644836272,
    "hamming_loss": 0.07556675062972293,
    "precision": 0.9281540017427715,
    "recall": 0.8208269525267994,
    "f1_score": 0.8645051043621335,
    "avg_predictions_per_sample": 1.0938287153652393,
    "avg_confidence": 0.9556507589685779,
    "book_metrics": {
      "book_0": {
        "accuracy": 0.9085327455919395,
        "precision": 0.943546551331664,
        "recall": 0.925636444841447,
        "f1_score": 0.934505692706572
      },
      "book_1": {
        "accuracy": 0.9607997481108312,
        "precision": 1.0,
        "recall": 0.71280276816609,
        "f1_score": 0.8323232323232324
      },
      "book_2": {
        "accuracy": 0.9534005037783375,
        "precision": 1.0,
        "recall": 0.5016835016835017,
        "f1_score": 0.6681614349775785
      },
      "book_3": {
        "accuracy": 0.875,
        "precision": 0.8364856619890177,
        "recall": 0.7227200843437006,
        "f1_score": 0.7754524886877828
      }
    }
  },
  "svm": {
    "accuracy": 0.8354848866498741,
    "hamming_loss": 0.05840680100755667,
    "precision": 1.0,
    "recall": 0.810617662072486,
    "f1_score": 0.8891936199149938,
    "avg_predictions_per_sample": 1.0,
    "avg_confidence": 0.9543457067229262,
    "book_metrics": {
      "book_0": {
        "accuracy": 0.9397040302267002,
        "precision": 1.0,
        "recall": 0.9144707458686914,
        "f1_score": 0.95532485710953
      },
      "book_1": {
        "accuracy": 0.9607997481108312,
        "precision": 1.0,
        "recall": 0.71280276816609,
        "f1_score": 0.8323232323232324
      },
      "book_2": {
        "accuracy": 0.9534005037783375,
        "precision": 1.0,
        "recall": 0.5016835016835017,
        "f1_score": 0.6681614349775785
      },
      "book_3": {
        "accuracy": 0.9124685138539043,
        "precision": 1.0,
        "recall": 0.7069056404849763,
        "f1_score": 0.8282890673255096
      }
    }
  },
  "random_forest": {
    "accuracy": 0.8354848866498741,
    "hamming_loss": 0.05840680100755667,
    "precision": 1.0,
    "recall": 0.810617662072486,
    "f1_score": 0.8891936199149938,
    "avg_predictions_per_sample": 1.0,
    "avg_confidence": 0.9697695985969936,
    "book_metrics": {
      "book_0": {
        "accuracy": 0.9397040302267002,
        "precision": 1.0,
        "recall": 0.9144707458686914,
        "f1_score": 0.95532485710953
      },
      "book_1": {
        "accuracy": 0.9607997481108312,
        "precision": 1.0,
        "recall": 0.71280276816609,
        "f1_score": 0.8323232323232324
      },
      "book_2": {
        "accuracy": 0.9534005037783375,
        "precision": 1.0,
        "recall": 0.5016835016835017,
        "f1_score": 0.6681614349775785
      },
      "book_3": {
        "accuracy": 0.9124685138539043,
        "precision": 1.0,
        "recall": 0.7069056404849763,
        "f1_score": 0.8282890673255096
      }
    }
  }
}