Model,Accuracy,Hamming Loss,Precision,Recall,F1 Score,Avg Predictions
logistic_regression,0.8005352644836272,0.07556675062972293,0.9281540017427715,0.8208269525267994,0.8645051043621335,1.0938287153652393
svm,0.8354848866498741,0.05840680100755667,1.0,0.810617662072486,0.8891936199149938,1.0
random_forest,0.8354848866498741,0.05840680100755667,1.0,0.810617662072486,0.8891936199149938,1.0
