Model,Overall Accuracy,Single-Label Accuracy,Multi-Label Accuracy
Per-Book Model,0.8711323238973008,0.893908969210174,0.8490932642487047
Multi-Label Model,0.8627386438446346,0.9012717536813923,0.8254533678756477
Naive Per-Book Model,0.7557603686635944,0.9220214190093708,0.5948834196891192
Naive Multi-Label Model,0.7521395655036208,0.9213520749665328,0.5884067357512952
